{
  "id": "IM",
  "name": "SアイムジャグラーEX",
  "visibleMetrics": [
    "singleReg",
    "cherryReg",
    "singleBig",
    "cherryBig"
  ],
  "odds": {
    "totalBig": [
      273.1,
      269.7,
      269.7,
      259.0,
      259.0,
      255.0
    ],
    "totalReg": [
      439.8,
      399.6,
      331.0,
      315.1,
      255.0,
      255.0
    ],
    "singleBig": [
      387.78698,
      381.02326,
      381.02326,
      370.25989,
      370.25989,
      362.07735
    ],
    "singleReg": [
      636.27184,
      569.87826,
      471.48201,
      445.82313,
      362.07735,
      362.07735
    ],
    "cherryBig": [
      923.04225,
      923.04225,
      923.04225,
      862.31579,
      862.31579,
      862.31579
    ],
    "cherryReg": [
      1424.69565,
      1337.46939,
      1110.77966,
      1074.36066,
      862.31579,
      862.31579
    ],
    "grape": [
      6.02,
      6.02,
      6.02,
      6.02,
      6.02,
      5.85
    ]
  }
}